Project Name,Package Name,Type Name,Design Smell,Cause of the Smell
.,org.axonframework.extensions.kafka.eventhandling.benchmark.jmh_generated,MessageBufferBenchmarks_PutPeekPoll_jmhType_B2,Deficient Encapsulation,The tool detected the smell in this class because the class exposes fields belonging to it with public accessibility. Following fields are declared with public accessiblity: setupTrialMutex; tearTrialMutex; setupTrialMutexUpdater; tearTrialMutexUpdater; setupIterationMutex; tearIterationMutex; setupIterationMutexUpdater; tearIterationMutexUpdater; setupInvocationMutex; tearInvocationMutex; setupInvocationMutexUpdater; tearInvocationMutexUpdater; readyTrial; readyIteration; readyInvocation
.,org.axonframework.extensions.kafka.eventhandling.benchmark.jmh_generated,MessageBufferBenchmarks_PutPeekPoll_jmhType_B2,Broken Modularization,The tool detected the smell in this class because it contains only data members without any method implementation. Following fields are declared in this class: setupTrialMutex; tearTrialMutex; setupTrialMutexUpdater; tearTrialMutexUpdater; setupIterationMutex; tearIterationMutex; setupIterationMutexUpdater; tearIterationMutexUpdater; setupInvocationMutex; tearInvocationMutex; setupInvocationMutexUpdater; tearInvocationMutexUpdater; readyTrial; readyIteration; readyInvocation
.,org.axonframework.extensions.kafka.eventhandling.benchmark.jmh_generated,MessageBufferBenchmarks_PutPeekPoll_jmhType_B3,Broken Modularization,The tool detected the smell in this class because it contains only data members without any method implementation. Following fields are declared in this class: p000; p001; p002; p003; p004; p005; p006; p007; p008; p009; p010; p011; p012; p013; p014; p015; p016; p017; p018; p019; p020; p021; p022; p023; p024; p025; p026; p027; p028; p029; p030; p031; p032; p033; p034; p035; p036; p037; p038; p039; p040; p041; p042; p043; p044; p045; p046; p047; p048; p049; p050; p051; p052; p053; p054; p055; p056; p057; p058; p059; p060; p061; p062; p063; p064; p065; p066; p067; p068; p069; p070; p071; p072; p073; p074; p075; p076; p077; p078; p079; p080; p081; p082; p083; p084; p085; p086; p087; p088; p089; p090; p091; p092; p093; p094; p095; p096; p097; p098; p099; p100; p101; p102; p103; p104; p105; p106; p107; p108; p109; p110; p111; p112; p113; p114; p115; p116; p117; p118; p119; p120; p121; p122; p123; p124; p125; p126; p127; p128; p129; p130; p131; p132; p133; p134; p135; p136; p137; p138; p139; p140; p141; p142; p143; p144; p145; p146; p147; p148; p149; p150; p151; p152; p153; p154; p155; p156; p157; p158; p159; p160; p161; p162; p163; p164; p165; p166; p167; p168; p169; p170; p171; p172; p173; p174; p175; p176; p177; p178; p179; p180; p181; p182; p183; p184; p185; p186; p187; p188; p189; p190; p191; p192; p193; p194; p195; p196; p197; p198; p199; p200; p201; p202; p203; p204; p205; p206; p207; p208; p209; p210; p211; p212; p213; p214; p215; p216; p217; p218; p219; p220; p221; p222; p223; p224; p225; p226; p227; p228; p229; p230; p231; p232; p233; p234; p235; p236; p237; p238; p239; p240; p241; p242; p243; p244; p245; p246; p247; p248; p249; p250; p251; p252; p253; p254; p255
.,org.axonframework.extensions.kafka.eventhandling.benchmark.jmh_generated,MessageBufferBenchmarks_PutPeekTake_ThreadState_jmhType_B1,Broken Modularization,The tool detected the smell in this class because it contains only data members without any method implementation. Following fields are declared in this class: p000; p001; p002; p003; p004; p005; p006; p007; p008; p009; p010; p011; p012; p013; p014; p015; p016; p017; p018; p019; p020; p021; p022; p023; p024; p025; p026; p027; p028; p029; p030; p031; p032; p033; p034; p035; p036; p037; p038; p039; p040; p041; p042; p043; p044; p045; p046; p047; p048; p049; p050; p051; p052; p053; p054; p055; p056; p057; p058; p059; p060; p061; p062; p063; p064; p065; p066; p067; p068; p069; p070; p071; p072; p073; p074; p075; p076; p077; p078; p079; p080; p081; p082; p083; p084; p085; p086; p087; p088; p089; p090; p091; p092; p093; p094; p095; p096; p097; p098; p099; p100; p101; p102; p103; p104; p105; p106; p107; p108; p109; p110; p111; p112; p113; p114; p115; p116; p117; p118; p119; p120; p121; p122; p123; p124; p125; p126; p127; p128; p129; p130; p131; p132; p133; p134; p135; p136; p137; p138; p139; p140; p141; p142; p143; p144; p145; p146; p147; p148; p149; p150; p151; p152; p153; p154; p155; p156; p157; p158; p159; p160; p161; p162; p163; p164; p165; p166; p167; p168; p169; p170; p171; p172; p173; p174; p175; p176; p177; p178; p179; p180; p181; p182; p183; p184; p185; p186; p187; p188; p189; p190; p191; p192; p193; p194; p195; p196; p197; p198; p199; p200; p201; p202; p203; p204; p205; p206; p207; p208; p209; p210; p211; p212; p213; p214; p215; p216; p217; p218; p219; p220; p221; p222; p223; p224; p225; p226; p227; p228; p229; p230; p231; p232; p233; p234; p235; p236; p237; p238; p239; p240; p241; p242; p243; p244; p245; p246; p247; p248; p249; p250; p251; p252; p253; p254; p255
.,org.axonframework.extensions.kafka.eventhandling.benchmark.jmh_generated,MessageBufferBenchmarks_PutPeekPoll_ThreadState_jmhType,Unnecessary Abstraction,The tool detected the smell in this class because the class contains only a few data members without any method implementation, that indicates that the abstraction might not be required. Following fields are declared in this class: 
.,org.axonframework.extensions.kafka.eventhandling.benchmark.jmh_generated,MessageBufferBenchmarks_PutPeekTake_jmhType_B1,Broken Modularization,The tool detected the smell in this class because it contains only data members without any method implementation. Following fields are declared in this class: p000; p001; p002; p003; p004; p005; p006; p007; p008; p009; p010; p011; p012; p013; p014; p015; p016; p017; p018; p019; p020; p021; p022; p023; p024; p025; p026; p027; p028; p029; p030; p031; p032; p033; p034; p035; p036; p037; p038; p039; p040; p041; p042; p043; p044; p045; p046; p047; p048; p049; p050; p051; p052; p053; p054; p055; p056; p057; p058; p059; p060; p061; p062; p063; p064; p065; p066; p067; p068; p069; p070; p071; p072; p073; p074; p075; p076; p077; p078; p079; p080; p081; p082; p083; p084; p085; p086; p087; p088; p089; p090; p091; p092; p093; p094; p095; p096; p097; p098; p099; p100; p101; p102; p103; p104; p105; p106; p107; p108; p109; p110; p111; p112; p113; p114; p115; p116; p117; p118; p119; p120; p121; p122; p123; p124; p125; p126; p127; p128; p129; p130; p131; p132; p133; p134; p135; p136; p137; p138; p139; p140; p141; p142; p143; p144; p145; p146; p147; p148; p149; p150; p151; p152; p153; p154; p155; p156; p157; p158; p159; p160; p161; p162; p163; p164; p165; p166; p167; p168; p169; p170; p171; p172; p173; p174; p175; p176; p177; p178; p179; p180; p181; p182; p183; p184; p185; p186; p187; p188; p189; p190; p191; p192; p193; p194; p195; p196; p197; p198; p199; p200; p201; p202; p203; p204; p205; p206; p207; p208; p209; p210; p211; p212; p213; p214; p215; p216; p217; p218; p219; p220; p221; p222; p223; p224; p225; p226; p227; p228; p229; p230; p231; p232; p233; p234; p235; p236; p237; p238; p239; p240; p241; p242; p243; p244; p245; p246; p247; p248; p249; p250; p251; p252; p253; p254; p255
.,org.axonframework.extensions.kafka.eventhandling.benchmark.jmh_generated,MessageBufferBenchmarks_PutPeekPoll_ThreadState_jmhType_B2,Deficient Encapsulation,The tool detected the smell in this class because the class exposes fields belonging to it with public accessibility. Following fields are declared with public accessiblity: setupTrialMutex; tearTrialMutex; setupTrialMutexUpdater; tearTrialMutexUpdater; setupIterationMutex; tearIterationMutex; setupIterationMutexUpdater; tearIterationMutexUpdater; setupInvocationMutex; tearInvocationMutex; setupInvocationMutexUpdater; tearInvocationMutexUpdater
.,org.axonframework.extensions.kafka.eventhandling.benchmark.jmh_generated,MessageBufferBenchmarks_PutPeekPoll_ThreadState_jmhType_B2,Broken Modularization,The tool detected the smell in this class because it contains only data members without any method implementation. Following fields are declared in this class: setupTrialMutex; tearTrialMutex; setupTrialMutexUpdater; tearTrialMutexUpdater; setupIterationMutex; tearIterationMutex; setupIterationMutexUpdater; tearIterationMutexUpdater; setupInvocationMutex; tearInvocationMutex; setupInvocationMutexUpdater; tearInvocationMutexUpdater
.,org.axonframework.extensions.kafka.eventhandling.benchmark.jmh_generated,MessageBufferBenchmarks_PutPeekTake_jmhType,Unnecessary Abstraction,The tool detected the smell in this class because the class contains only a few data members without any method implementation, that indicates that the abstraction might not be required. Following fields are declared in this class: 
.,org.axonframework.extensions.kafka.eventhandling.benchmark.jmh_generated,MessageBufferBenchmarks_PutPeekPoll_jmhType,Unnecessary Abstraction,The tool detected the smell in this class because the class contains only a few data members without any method implementation, that indicates that the abstraction might not be required. Following fields are declared in this class: 
.,org.axonframework.extensions.kafka.eventhandling.benchmark.jmh_generated,MessageBufferBenchmarks_PutPeekPoll_ThreadState_jmhType_B3,Broken Modularization,The tool detected the smell in this class because it contains only data members without any method implementation. Following fields are declared in this class: p000; p001; p002; p003; p004; p005; p006; p007; p008; p009; p010; p011; p012; p013; p014; p015; p016; p017; p018; p019; p020; p021; p022; p023; p024; p025; p026; p027; p028; p029; p030; p031; p032; p033; p034; p035; p036; p037; p038; p039; p040; p041; p042; p043; p044; p045; p046; p047; p048; p049; p050; p051; p052; p053; p054; p055; p056; p057; p058; p059; p060; p061; p062; p063; p064; p065; p066; p067; p068; p069; p070; p071; p072; p073; p074; p075; p076; p077; p078; p079; p080; p081; p082; p083; p084; p085; p086; p087; p088; p089; p090; p091; p092; p093; p094; p095; p096; p097; p098; p099; p100; p101; p102; p103; p104; p105; p106; p107; p108; p109; p110; p111; p112; p113; p114; p115; p116; p117; p118; p119; p120; p121; p122; p123; p124; p125; p126; p127; p128; p129; p130; p131; p132; p133; p134; p135; p136; p137; p138; p139; p140; p141; p142; p143; p144; p145; p146; p147; p148; p149; p150; p151; p152; p153; p154; p155; p156; p157; p158; p159; p160; p161; p162; p163; p164; p165; p166; p167; p168; p169; p170; p171; p172; p173; p174; p175; p176; p177; p178; p179; p180; p181; p182; p183; p184; p185; p186; p187; p188; p189; p190; p191; p192; p193; p194; p195; p196; p197; p198; p199; p200; p201; p202; p203; p204; p205; p206; p207; p208; p209; p210; p211; p212; p213; p214; p215; p216; p217; p218; p219; p220; p221; p222; p223; p224; p225; p226; p227; p228; p229; p230; p231; p232; p233; p234; p235; p236; p237; p238; p239; p240; p241; p242; p243; p244; p245; p246; p247; p248; p249; p250; p251; p252; p253; p254; p255
.,org.axonframework.extensions.kafka.eventhandling.benchmark.jmh_generated,MessageBufferBenchmarks_PutPeekPoll_rw_jmhTest,Unutilized Abstraction,The tool detected the smell in this class because this class is potentially unused. (Please ignore the smell if the reported class is auto-generated and/or used to serve a specific known purpose.)
.,org.axonframework.extensions.kafka.eventhandling.benchmark.jmh_generated,MessageBufferBenchmarks_PutPeekPoll_rw_jmhTest,Insufficient Modularization,The tool detected the smell in this class because the class is highly complex. The sum of cyclomatic complexity of all methods of this class (i.e. WMC) is: 180
.,org.axonframework.extensions.kafka.eventhandling.benchmark.jmh_generated,MessageBufferBenchmarks_PutPeekTake_jmhType_B3,Broken Modularization,The tool detected the smell in this class because it contains only data members without any method implementation. Following fields are declared in this class: p000; p001; p002; p003; p004; p005; p006; p007; p008; p009; p010; p011; p012; p013; p014; p015; p016; p017; p018; p019; p020; p021; p022; p023; p024; p025; p026; p027; p028; p029; p030; p031; p032; p033; p034; p035; p036; p037; p038; p039; p040; p041; p042; p043; p044; p045; p046; p047; p048; p049; p050; p051; p052; p053; p054; p055; p056; p057; p058; p059; p060; p061; p062; p063; p064; p065; p066; p067; p068; p069; p070; p071; p072; p073; p074; p075; p076; p077; p078; p079; p080; p081; p082; p083; p084; p085; p086; p087; p088; p089; p090; p091; p092; p093; p094; p095; p096; p097; p098; p099; p100; p101; p102; p103; p104; p105; p106; p107; p108; p109; p110; p111; p112; p113; p114; p115; p116; p117; p118; p119; p120; p121; p122; p123; p124; p125; p126; p127; p128; p129; p130; p131; p132; p133; p134; p135; p136; p137; p138; p139; p140; p141; p142; p143; p144; p145; p146; p147; p148; p149; p150; p151; p152; p153; p154; p155; p156; p157; p158; p159; p160; p161; p162; p163; p164; p165; p166; p167; p168; p169; p170; p171; p172; p173; p174; p175; p176; p177; p178; p179; p180; p181; p182; p183; p184; p185; p186; p187; p188; p189; p190; p191; p192; p193; p194; p195; p196; p197; p198; p199; p200; p201; p202; p203; p204; p205; p206; p207; p208; p209; p210; p211; p212; p213; p214; p215; p216; p217; p218; p219; p220; p221; p222; p223; p224; p225; p226; p227; p228; p229; p230; p231; p232; p233; p234; p235; p236; p237; p238; p239; p240; p241; p242; p243; p244; p245; p246; p247; p248; p249; p250; p251; p252; p253; p254; p255
.,org.axonframework.extensions.kafka.eventhandling.benchmark.jmh_generated,MessageBufferBenchmarks_PutPeekTake_ThreadState_jmhType,Unnecessary Abstraction,The tool detected the smell in this class because the class contains only a few data members without any method implementation, that indicates that the abstraction might not be required. Following fields are declared in this class: 
.,org.axonframework.extensions.kafka.eventhandling.benchmark.jmh_generated,MessageBufferBenchmarks_PutPeekPoll_ThreadState_jmhType_B1,Broken Modularization,The tool detected the smell in this class because it contains only data members without any method implementation. Following fields are declared in this class: p000; p001; p002; p003; p004; p005; p006; p007; p008; p009; p010; p011; p012; p013; p014; p015; p016; p017; p018; p019; p020; p021; p022; p023; p024; p025; p026; p027; p028; p029; p030; p031; p032; p033; p034; p035; p036; p037; p038; p039; p040; p041; p042; p043; p044; p045; p046; p047; p048; p049; p050; p051; p052; p053; p054; p055; p056; p057; p058; p059; p060; p061; p062; p063; p064; p065; p066; p067; p068; p069; p070; p071; p072; p073; p074; p075; p076; p077; p078; p079; p080; p081; p082; p083; p084; p085; p086; p087; p088; p089; p090; p091; p092; p093; p094; p095; p096; p097; p098; p099; p100; p101; p102; p103; p104; p105; p106; p107; p108; p109; p110; p111; p112; p113; p114; p115; p116; p117; p118; p119; p120; p121; p122; p123; p124; p125; p126; p127; p128; p129; p130; p131; p132; p133; p134; p135; p136; p137; p138; p139; p140; p141; p142; p143; p144; p145; p146; p147; p148; p149; p150; p151; p152; p153; p154; p155; p156; p157; p158; p159; p160; p161; p162; p163; p164; p165; p166; p167; p168; p169; p170; p171; p172; p173; p174; p175; p176; p177; p178; p179; p180; p181; p182; p183; p184; p185; p186; p187; p188; p189; p190; p191; p192; p193; p194; p195; p196; p197; p198; p199; p200; p201; p202; p203; p204; p205; p206; p207; p208; p209; p210; p211; p212; p213; p214; p215; p216; p217; p218; p219; p220; p221; p222; p223; p224; p225; p226; p227; p228; p229; p230; p231; p232; p233; p234; p235; p236; p237; p238; p239; p240; p241; p242; p243; p244; p245; p246; p247; p248; p249; p250; p251; p252; p253; p254; p255
.,org.axonframework.extensions.kafka.eventhandling.benchmark.jmh_generated,MessageBufferBenchmarks_PutPeekTake_jmhType_B2,Deficient Encapsulation,The tool detected the smell in this class because the class exposes fields belonging to it with public accessibility. Following fields are declared with public accessiblity: setupTrialMutex; tearTrialMutex; setupTrialMutexUpdater; tearTrialMutexUpdater; setupIterationMutex; tearIterationMutex; setupIterationMutexUpdater; tearIterationMutexUpdater; setupInvocationMutex; tearInvocationMutex; setupInvocationMutexUpdater; tearInvocationMutexUpdater; readyTrial; readyIteration; readyInvocation
.,org.axonframework.extensions.kafka.eventhandling.benchmark.jmh_generated,MessageBufferBenchmarks_PutPeekTake_jmhType_B2,Broken Modularization,The tool detected the smell in this class because it contains only data members without any method implementation. Following fields are declared in this class: setupTrialMutex; tearTrialMutex; setupTrialMutexUpdater; tearTrialMutexUpdater; setupIterationMutex; tearIterationMutex; setupIterationMutexUpdater; tearIterationMutexUpdater; setupInvocationMutex; tearInvocationMutex; setupInvocationMutexUpdater; tearInvocationMutexUpdater; readyTrial; readyIteration; readyInvocation
.,org.axonframework.extensions.kafka.eventhandling.benchmark.jmh_generated,MessageBufferBenchmarks_PutPeekTake_rw_jmhTest,Unutilized Abstraction,The tool detected the smell in this class because this class is potentially unused. (Please ignore the smell if the reported class is auto-generated and/or used to serve a specific known purpose.)
.,org.axonframework.extensions.kafka.eventhandling.benchmark.jmh_generated,MessageBufferBenchmarks_PutPeekTake_rw_jmhTest,Insufficient Modularization,The tool detected the smell in this class because the class is highly complex. The sum of cyclomatic complexity of all methods of this class (i.e. WMC) is: 180
.,org.axonframework.extensions.kafka.eventhandling.benchmark.jmh_generated,MessageBufferBenchmarks_PutPeekTake_ThreadState_jmhType_B2,Deficient Encapsulation,The tool detected the smell in this class because the class exposes fields belonging to it with public accessibility. Following fields are declared with public accessiblity: setupTrialMutex; tearTrialMutex; setupTrialMutexUpdater; tearTrialMutexUpdater; setupIterationMutex; tearIterationMutex; setupIterationMutexUpdater; tearIterationMutexUpdater; setupInvocationMutex; tearInvocationMutex; setupInvocationMutexUpdater; tearInvocationMutexUpdater
.,org.axonframework.extensions.kafka.eventhandling.benchmark.jmh_generated,MessageBufferBenchmarks_PutPeekTake_ThreadState_jmhType_B2,Broken Modularization,The tool detected the smell in this class because it contains only data members without any method implementation. Following fields are declared in this class: setupTrialMutex; tearTrialMutex; setupTrialMutexUpdater; tearTrialMutexUpdater; setupIterationMutex; tearIterationMutex; setupIterationMutexUpdater; tearIterationMutexUpdater; setupInvocationMutex; tearInvocationMutex; setupInvocationMutexUpdater; tearInvocationMutexUpdater
.,org.axonframework.extensions.kafka.eventhandling.benchmark.jmh_generated,MessageBufferBenchmarks_PutPeekTake_ThreadState_jmhType_B3,Broken Modularization,The tool detected the smell in this class because it contains only data members without any method implementation. Following fields are declared in this class: p000; p001; p002; p003; p004; p005; p006; p007; p008; p009; p010; p011; p012; p013; p014; p015; p016; p017; p018; p019; p020; p021; p022; p023; p024; p025; p026; p027; p028; p029; p030; p031; p032; p033; p034; p035; p036; p037; p038; p039; p040; p041; p042; p043; p044; p045; p046; p047; p048; p049; p050; p051; p052; p053; p054; p055; p056; p057; p058; p059; p060; p061; p062; p063; p064; p065; p066; p067; p068; p069; p070; p071; p072; p073; p074; p075; p076; p077; p078; p079; p080; p081; p082; p083; p084; p085; p086; p087; p088; p089; p090; p091; p092; p093; p094; p095; p096; p097; p098; p099; p100; p101; p102; p103; p104; p105; p106; p107; p108; p109; p110; p111; p112; p113; p114; p115; p116; p117; p118; p119; p120; p121; p122; p123; p124; p125; p126; p127; p128; p129; p130; p131; p132; p133; p134; p135; p136; p137; p138; p139; p140; p141; p142; p143; p144; p145; p146; p147; p148; p149; p150; p151; p152; p153; p154; p155; p156; p157; p158; p159; p160; p161; p162; p163; p164; p165; p166; p167; p168; p169; p170; p171; p172; p173; p174; p175; p176; p177; p178; p179; p180; p181; p182; p183; p184; p185; p186; p187; p188; p189; p190; p191; p192; p193; p194; p195; p196; p197; p198; p199; p200; p201; p202; p203; p204; p205; p206; p207; p208; p209; p210; p211; p212; p213; p214; p215; p216; p217; p218; p219; p220; p221; p222; p223; p224; p225; p226; p227; p228; p229; p230; p231; p232; p233; p234; p235; p236; p237; p238; p239; p240; p241; p242; p243; p244; p245; p246; p247; p248; p249; p250; p251; p252; p253; p254; p255
.,org.axonframework.extensions.kafka.eventhandling.benchmark.jmh_generated,MessageBufferBenchmarks_PutPeekPoll_jmhType_B1,Broken Modularization,The tool detected the smell in this class because it contains only data members without any method implementation. Following fields are declared in this class: p000; p001; p002; p003; p004; p005; p006; p007; p008; p009; p010; p011; p012; p013; p014; p015; p016; p017; p018; p019; p020; p021; p022; p023; p024; p025; p026; p027; p028; p029; p030; p031; p032; p033; p034; p035; p036; p037; p038; p039; p040; p041; p042; p043; p044; p045; p046; p047; p048; p049; p050; p051; p052; p053; p054; p055; p056; p057; p058; p059; p060; p061; p062; p063; p064; p065; p066; p067; p068; p069; p070; p071; p072; p073; p074; p075; p076; p077; p078; p079; p080; p081; p082; p083; p084; p085; p086; p087; p088; p089; p090; p091; p092; p093; p094; p095; p096; p097; p098; p099; p100; p101; p102; p103; p104; p105; p106; p107; p108; p109; p110; p111; p112; p113; p114; p115; p116; p117; p118; p119; p120; p121; p122; p123; p124; p125; p126; p127; p128; p129; p130; p131; p132; p133; p134; p135; p136; p137; p138; p139; p140; p141; p142; p143; p144; p145; p146; p147; p148; p149; p150; p151; p152; p153; p154; p155; p156; p157; p158; p159; p160; p161; p162; p163; p164; p165; p166; p167; p168; p169; p170; p171; p172; p173; p174; p175; p176; p177; p178; p179; p180; p181; p182; p183; p184; p185; p186; p187; p188; p189; p190; p191; p192; p193; p194; p195; p196; p197; p198; p199; p200; p201; p202; p203; p204; p205; p206; p207; p208; p209; p210; p211; p212; p213; p214; p215; p216; p217; p218; p219; p220; p221; p222; p223; p224; p225; p226; p227; p228; p229; p230; p231; p232; p233; p234; p235; p236; p237; p238; p239; p240; p241; p242; p243; p244; p245; p246; p247; p248; p249; p250; p251; p252; p253; p254; p255
.,org.axonframework.extensions.kafka.utils,TestSerializer,Unnecessary Abstraction,The tool detected the smell in this class because the class contains only a few data members without any method implementation, that indicates that the abstraction might not be required. Following fields are declared in this class: serializer; serializer; serializer
.,org.axonframework.extensions.kafka.eventhandling.benchmark,MessageBufferBenchmarks_PutPeekPoll,Unutilized Abstraction,The tool detected the smell in this class because this class is potentially unused. (Please ignore the smell if the reported class is auto-generated and/or used to serve a specific known purpose.)
.,org.axonframework.extensions.kafka.eventhandling.benchmark,MessageBufferBenchmarks_PutPeekPoll.ThreadState,Unnecessary Abstraction,The tool detected the smell in this class because the class contains only a few data members without any method implementation, that indicates that the abstraction might not be required. Following fields are declared in this class: random
.,org.axonframework.extensions.kafka.eventhandling.benchmark,MessageBufferBenchmarks_PutPeekPoll.ThreadState,Unutilized Abstraction,The tool detected the smell in this class because this class is potentially unused. (Please ignore the smell if the reported class is auto-generated and/or used to serve a specific known purpose.)
.,org.axonframework.extensions.kafka.eventhandling.benchmark,MessageBufferBenchmarks_PutPeekTake,Unutilized Abstraction,The tool detected the smell in this class because this class is potentially unused. (Please ignore the smell if the reported class is auto-generated and/or used to serve a specific known purpose.)
.,org.axonframework.extensions.kafka.eventhandling.benchmark,MessageBufferBenchmarks_PutPeekTake.ThreadState,Unnecessary Abstraction,The tool detected the smell in this class because the class contains only a few data members without any method implementation, that indicates that the abstraction might not be required. Following fields are declared in this class: random
.,org.axonframework.extensions.kafka.eventhandling.benchmark,MessageBufferBenchmarks_PutPeekTake.ThreadState,Unutilized Abstraction,The tool detected the smell in this class because this class is potentially unused. (Please ignore the smell if the reported class is auto-generated and/or used to serve a specific known purpose.)
.,org.axonframework.extensions.kafka.eventhandling.producer,KafkaPublisherIntegrationTest.MessageCollector,Unnecessary Abstraction,The tool detected the smell in this class because the class contains only a few data members without any method implementation, that indicates that the abstraction might not be required. Following fields are declared in this class: successCounter; failureCounter; ignoreCounter; received
.,org.axonframework.extensions.kafka.eventhandling.producer,KafkaPublisherIntegrationTest.MessageCollector,Unutilized Abstraction,The tool detected the smell in this class because this class is potentially unused. (Please ignore the smell if the reported class is auto-generated and/or used to serve a specific known purpose.)
.,org.axonframework.extensions.kafka.eventhandling.producer,ConfirmationMode,Unnecessary Abstraction,The tool detected the smell in this class because the class contains only a few data members without any method implementation, that indicates that the abstraction might not be required. Following fields are declared in this class: 
.,org.axonframework.extensions.kafka.eventhandling.producer,DefaultProducerFactory.ProducerDecorator,Unnecessary Abstraction,The tool detected the smell in this class because the class contains only a few data members without any method implementation, that indicates that the abstraction might not be required. Following fields are declared in this class: delegate
.,org.axonframework.extensions.kafka.eventhandling.producer,DefaultProducerFactory.ProducerDecorator,Unutilized Abstraction,The tool detected the smell in this class because this class is potentially unused. (Please ignore the smell if the reported class is auto-generated and/or used to serve a specific known purpose.)
.,org.axonframework.extensions.kafka.eventhandling.producer,DefaultProducerFactory.PoolableProducer,Unnecessary Abstraction,The tool detected the smell in this class because the class contains only a few data members without any method implementation, that indicates that the abstraction might not be required. Following fields are declared in this class: pool; closeTimeout
.,org.axonframework.extensions.kafka.eventhandling.producer,DefaultProducerFactory.PoolableProducer,Unutilized Abstraction,The tool detected the smell in this class because this class is potentially unused. (Please ignore the smell if the reported class is auto-generated and/or used to serve a specific known purpose.)
.,org.axonframework.extensions.kafka.eventhandling.producer,DefaultProducerFactory.ShareableProducer,Unnecessary Abstraction,The tool detected the smell in this class because the class contains only a few data members without any method implementation, that indicates that the abstraction might not be required. Following fields are declared in this class: 
.,org.axonframework.extensions.kafka.eventhandling.producer,DefaultProducerFactory.ShareableProducer,Unutilized Abstraction,The tool detected the smell in this class because this class is potentially unused. (Please ignore the smell if the reported class is auto-generated and/or used to serve a specific known purpose.)
.,org.axonframework.extensions.kafka.eventhandling.producer,DefaultProducerFactory.Builder,Unnecessary Abstraction,The tool detected the smell in this class because the class contains only a few data members without any method implementation, that indicates that the abstraction might not be required. Following fields are declared in this class: closeTimeout; producerCacheSize; configuration; confirmationMode; transactionIdPrefix
.,org.axonframework.extensions.kafka.eventhandling.producer,DefaultProducerFactory.Builder,Unutilized Abstraction,The tool detected the smell in this class because this class is potentially unused. (Please ignore the smell if the reported class is auto-generated and/or used to serve a specific known purpose.)
.,org.axonframework.extensions.kafka.eventhandling.producer,DefaultProducerFactory.Builder,Broken Modularization,The tool detected the smell in this class because it contains only data members without any method implementation. Following fields are declared in this class: closeTimeout; producerCacheSize; configuration; confirmationMode; transactionIdPrefix
.,org.axonframework.extensions.kafka.eventhandling.producer,KafkaPublisher.Builder,Unutilized Abstraction,The tool detected the smell in this class because this class is potentially unused. (Please ignore the smell if the reported class is auto-generated and/or used to serve a specific known purpose.)
.,org.axonframework.extensions.kafka.eventhandling.producer,KafkaPublisher.Builder,Broken Modularization,The tool detected the smell in this class because it contains only data members without any method implementation. Following fields are declared in this class: producerFactory; messageConverter; messageMonitor; topicResolver; publisherAckTimeout; serializer
.,org.axonframework.extensions.kafka.eventhandling.producer,KafkaEventPublisher,Deficient Encapsulation,The tool detected the smell in this class because the class exposes fields belonging to it with public accessibility. Following fields are declared with public accessiblity: DEFAULT_PROCESSING_GROUP; DOES_NOT_SUPPORT_RESET; kafkaPublisher; kafkaPublisher
.,org.axonframework.extensions.kafka.eventhandling.producer,KafkaEventPublisher.Builder,Unnecessary Abstraction,The tool detected the smell in this class because the class contains only a few data members without any method implementation, that indicates that the abstraction might not be required. Following fields are declared in this class: kafkaPublisher
.,org.axonframework.extensions.kafka.eventhandling.producer,KafkaEventPublisher.Builder,Unutilized Abstraction,The tool detected the smell in this class because this class is potentially unused. (Please ignore the smell if the reported class is auto-generated and/or used to serve a specific known purpose.)
.,org.axonframework.extensions.kafka.eventhandling.util,ConsumerConfigUtil,Unutilized Abstraction,The tool detected the smell in this class because this class is potentially unused. (Please ignore the smell if the reported class is auto-generated and/or used to serve a specific known purpose.)
.,org.axonframework.extensions.kafka.eventhandling.util,ConsumerConfigUtil,Deficient Encapsulation,The tool detected the smell in this class because the class exposes fields belonging to it with public accessibility. Following fields are declared with public accessiblity: DEFAULT_GROUP_ID
.,org.axonframework.extensions.kafka.eventhandling.util,KafkaContainerTest,Unutilized Abstraction,The tool detected the smell in this class because this class is potentially unused. (Please ignore the smell if the reported class is auto-generated and/or used to serve a specific known purpose.)
.,org.axonframework.extensions.kafka.eventhandling.util,KafkaTestUtils,Unutilized Abstraction,The tool detected the smell in this class because this class is potentially unused. (Please ignore the smell if the reported class is auto-generated and/or used to serve a specific known purpose.)
.,org.axonframework.extensions.kafka.eventhandling.util,KafkaAdminUtils.KafkaTopicConfiguration,Unnecessary Abstraction,The tool detected the smell in this class because the class contains only a few data members without any method implementation, that indicates that the abstraction might not be required. Following fields are declared in this class: name; numPartitions; replicationFactor
.,org.axonframework.extensions.kafka.eventhandling.util,KafkaAdminUtils.KafkaTopicConfiguration,Unutilized Abstraction,The tool detected the smell in this class because this class is potentially unused. (Please ignore the smell if the reported class is auto-generated and/or used to serve a specific known purpose.)
.,org.axonframework.extensions.kafka.eventhandling.util,AssertUtils,Unutilized Abstraction,The tool detected the smell in this class because this class is potentially unused. (Please ignore the smell if the reported class is auto-generated and/or used to serve a specific known purpose.)
.,org.axonframework.extensions.kafka.eventhandling.util,KafkaContainerClusterTest,Unutilized Abstraction,The tool detected the smell in this class because this class is potentially unused. (Please ignore the smell if the reported class is auto-generated and/or used to serve a specific known purpose.)
.,org.axonframework.extensions.kafka.eventhandling.util,HeaderAssertUtil,Unutilized Abstraction,The tool detected the smell in this class because this class is potentially unused. (Please ignore the smell if the reported class is auto-generated and/or used to serve a specific known purpose.)
.,org.axonframework.extensions.kafka.eventhandling.tokenstore,KafkaTokenStoreIntegrationTest,Feature Envy,The tool detected a instance of this smell because deleteTokenHappyFlow is more interested in members of the type: KafkaTokenStore
.,org.axonframework.extensions.kafka.eventhandling.tokenstore,KafkaTokenStoreIntegrationTest,Feature Envy,The tool detected a instance of this smell because testInitializeTokensWithoutInitialToken is more interested in members of the type: KafkaTokenStore
.,org.axonframework.extensions.kafka.eventhandling.tokenstore,KafkaTokenStoreIntegrationTest,Feature Envy,The tool detected a instance of this smell because testInitializeTokensAtGivenPosition is more interested in members of the type: KafkaTokenStore
.,org.axonframework.extensions.kafka.eventhandling.tokenstore,TokenStoreState.TokenStoreUpdateException,Unnecessary Abstraction,The tool detected the smell in this class because the class contains only a few data members without any method implementation, that indicates that the abstraction might not be required. Following fields are declared in this class: 
.,org.axonframework.extensions.kafka.eventhandling.tokenstore,TokenStoreState.TokenStoreUpdateException,Unutilized Abstraction,The tool detected the smell in this class because this class is potentially unused. (Please ignore the smell if the reported class is auto-generated and/or used to serve a specific known purpose.)
.,org.axonframework.extensions.kafka.eventhandling.tokenstore,KafkaTokenStore.FutureWithContext,Unnecessary Abstraction,The tool detected the smell in this class because the class contains only a few data members without any method implementation, that indicates that the abstraction might not be required. Following fields are declared in this class: future; processorName; segment
.,org.axonframework.extensions.kafka.eventhandling.tokenstore,KafkaTokenStore.FutureWithContext,Unutilized Abstraction,The tool detected the smell in this class because this class is potentially unused. (Please ignore the smell if the reported class is auto-generated and/or used to serve a specific known purpose.)
.,org.axonframework.extensions.kafka.eventhandling.tokenstore,KafkaTokenStore.Builder,Unutilized Abstraction,The tool detected the smell in this class because this class is potentially unused. (Please ignore the smell if the reported class is auto-generated and/or used to serve a specific known purpose.)
.,org.axonframework.extensions.kafka.eventhandling.tokenstore,KafkaTokenStore.Builder,Broken Modularization,The tool detected the smell in this class because it contains only data members without any method implementation. Following fields are declared in this class: topic; serializer; claimTimeout; nodeId; executorSupplier; shutdownAction; consumerConfiguration; producerConfiguration; readTimeOut; writeTimeout
.,org.axonframework.extensions.kafka.eventhandling.tokenstore,TokenStoreInitializationException,Unutilized Abstraction,The tool detected the smell in this class because this class is potentially unused. (Please ignore the smell if the reported class is auto-generated and/or used to serve a specific known purpose.)
.,org.axonframework.extensions.kafka.eventhandling.cloudevent,CloudEventKafkaMessageConverterTest,Insufficient Modularization,The tool detected the smell in this class because the class contains large number of methods. Total methods in the class: 43 methods
.,org.axonframework.extensions.kafka.eventhandling.cloudevent,CloudEventKafkaMessageConverter.Builder,Unutilized Abstraction,The tool detected the smell in this class because this class is potentially unused. (Please ignore the smell if the reported class is auto-generated and/or used to serve a specific known purpose.)
.,org.axonframework.extensions.kafka.eventhandling.cloudevent,CloudEventKafkaMessageConverter.Builder,Broken Modularization,The tool detected the smell in this class because it contains only data members without any method implementation. Following fields are declared in this class: serializer; sequencingPolicy; upcasterChain; metadataToExtensionMap; sourceSupplier; subjectSupplier; dataContentTypeSupplier; dataSchemaSupplier
.,org.axonframework.extensions.kafka.eventhandling.cloudevent,MetadataUtils,Deficient Encapsulation,The tool detected the smell in this class because the class exposes fields belonging to it with public accessibility. Following fields are declared with public accessiblity: SUBJECT; DATA_CONTENT_TYPE; DATA_SCHEMA; RESERVED_METADATA
.,org.axonframework.extensions.kafka.eventhandling.cloudevent,ExtensionUtils,Deficient Encapsulation,The tool detected the smell in this class because the class exposes fields belonging to it with public accessibility. Following fields are declared with public accessiblity: logger; MESSAGE_REVISION; AGGREGATE_ID; AGGREGATE_SEQ; AGGREGATE_TYPE; NON_METADATA_EXTENSIONS
.,org.axonframework.extensions.kafka.eventhandling,HeaderUtilsTest,Insufficient Modularization,The tool detected the smell in this class because the class contains large number of methods. Total methods in the class: 35 methods
.,org.axonframework.extensions.kafka.eventhandling,HeaderUtilsTest.Foo,Unnecessary Abstraction,The tool detected the smell in this class because the class contains only a few data members without any method implementation, that indicates that the abstraction might not be required. Following fields are declared in this class: name; bar
.,org.axonframework.extensions.kafka.eventhandling,HeaderUtilsTest.Foo,Unutilized Abstraction,The tool detected the smell in this class because this class is potentially unused. (Please ignore the smell if the reported class is auto-generated and/or used to serve a specific known purpose.)
.,org.axonframework.extensions.kafka.eventhandling,HeaderUtilsTest.Bar,Unnecessary Abstraction,The tool detected the smell in this class because the class contains only a few data members without any method implementation, that indicates that the abstraction might not be required. Following fields are declared in this class: count
.,org.axonframework.extensions.kafka.eventhandling,HeaderUtilsTest.Bar,Unutilized Abstraction,The tool detected the smell in this class because this class is potentially unused. (Please ignore the smell if the reported class is auto-generated and/or used to serve a specific known purpose.)
.,org.axonframework.extensions.kafka.eventhandling,DefaultKafkaMessageConverter.Builder,Unnecessary Abstraction,The tool detected the smell in this class because the class contains only a few data members without any method implementation, that indicates that the abstraction might not be required. Following fields are declared in this class: serializer; sequencingPolicy; headerValueMapper; upcasterChain
.,org.axonframework.extensions.kafka.eventhandling,DefaultKafkaMessageConverter.Builder,Unutilized Abstraction,The tool detected the smell in this class because this class is potentially unused. (Please ignore the smell if the reported class is auto-generated and/or used to serve a specific known purpose.)
.,org.axonframework.extensions.kafka.eventhandling.consumer,ConsumerRecordConverter,Unutilized Abstraction,The tool detected the smell in this class because this class is potentially unused. (Please ignore the smell if the reported class is auto-generated and/or used to serve a specific known purpose.)
.,org.axonframework.extensions.kafka.eventhandling.consumer,AsyncFetcherIntegrationTest.LatchedSortedKafkaMessageBuffer,Unnecessary Abstraction,The tool detected the smell in this class because the class contains only a few data members without any method implementation, that indicates that the abstraction might not be required. Following fields are declared in this class: bufferedMessageLatch
.,org.axonframework.extensions.kafka.eventhandling.consumer,AsyncFetcherIntegrationTest.LatchedSortedKafkaMessageBuffer,Unutilized Abstraction,The tool detected the smell in this class because this class is potentially unused. (Please ignore the smell if the reported class is auto-generated and/or used to serve a specific known purpose.)
.,org.axonframework.extensions.kafka.eventhandling.consumer,ConsumerSeekUtilTest,Unutilized Abstraction,The tool detected the smell in this class because this class is potentially unused. (Please ignore the smell if the reported class is auto-generated and/or used to serve a specific known purpose.)
.,org.axonframework.extensions.kafka.eventhandling.consumer,ConsumerSeekUtilTest,Deficient Encapsulation,The tool detected the smell in this class because the class exposes fields belonging to it with public accessibility. Following fields are declared with public accessiblity: TEST_TOPIC; consumer
.,org.axonframework.extensions.kafka.eventhandling.consumer,AsyncFetcher.Builder,Unnecessary Abstraction,The tool detected the smell in this class because the class contains only a few data members without any method implementation, that indicates that the abstraction might not be required. Following fields are declared in this class: pollTimeout; executorService; requirePoolShutdown
.,org.axonframework.extensions.kafka.eventhandling.consumer,AsyncFetcher.Builder,Unutilized Abstraction,The tool detected the smell in this class because this class is potentially unused. (Please ignore the smell if the reported class is auto-generated and/or used to serve a specific known purpose.)
.,org.axonframework.extensions.kafka.eventhandling.consumer,ConsumerSeekUtil,Unutilized Abstraction,The tool detected the smell in this class because this class is potentially unused. (Please ignore the smell if the reported class is auto-generated and/or used to serve a specific known purpose.)
.,org.axonframework.extensions.kafka.eventhandling.consumer.streamable,FailingConsumerErrorThroughBufferTest.MockFactory,Unnecessary Abstraction,The tool detected the smell in this class because the class contains only a few data members without any method implementation, that indicates that the abstraction might not be required. Following fields are declared in this class: 
.,org.axonframework.extensions.kafka.eventhandling.consumer.streamable,FailingConsumerErrorThroughBufferTest.MockFactory,Unutilized Abstraction,The tool detected the smell in this class because this class is potentially unused. (Please ignore the smell if the reported class is auto-generated and/or used to serve a specific known purpose.)
.,org.axonframework.extensions.kafka.eventhandling.consumer.streamable,JSR166TestCase,Deficient Encapsulation,The tool detected the smell in this class because the class exposes fields belonging to it with public accessibility. Following fields are declared with public accessiblity: profileTests; profileThreshold; SHORT_DELAY_MS; SMALL_DELAY_MS; MEDIUM_DELAY_MS; LONG_DELAY_MS; threadFailure; SIZE; m3; m4
.,org.axonframework.extensions.kafka.eventhandling.consumer.streamable,JSR166TestCase.CheckedRunnable,Unnecessary Abstraction,The tool detected the smell in this class because the class contains only a few data members without any method implementation, that indicates that the abstraction might not be required. Following fields are declared in this class: 
.,org.axonframework.extensions.kafka.eventhandling.consumer.streamable,JSR166TestCase.CheckedRunnable,Unutilized Abstraction,The tool detected the smell in this class because this class is potentially unused. (Please ignore the smell if the reported class is auto-generated and/or used to serve a specific known purpose.)
.,org.axonframework.extensions.kafka.eventhandling.consumer.streamable,ConsumerPositionsUtilIntegrationTest,Unutilized Abstraction,The tool detected the smell in this class because this class is potentially unused. (Please ignore the smell if the reported class is auto-generated and/or used to serve a specific known purpose.)
.,org.axonframework.extensions.kafka.eventhandling.consumer.streamable,SortedKafkaMessageBufferTest,Unutilized Abstraction,The tool detected the smell in this class because this class is potentially unused. (Please ignore the smell if the reported class is auto-generated and/or used to serve a specific known purpose.)
.,org.axonframework.extensions.kafka.eventhandling.consumer.streamable,SortedKafkaMessageBufferTest,Broken Hierarchy,The tool detected a potential instance of the smell because this type does not implement or override any method from it's supertype(s): JSR166TestCase
.,org.axonframework.extensions.kafka.eventhandling.consumer.streamable,SortedKafkaMessageBufferTest,Insufficient Modularization,The tool detected the smell in this class becuase the class has bloated interface (large number of public methods). Total public methods in the class: 30 public methods
.,org.axonframework.extensions.kafka.eventhandling.consumer.streamable,TrackingTokenConsumerRebalanceListener,Unutilized Abstraction,The tool detected the smell in this class because this class is potentially unused. (Please ignore the smell if the reported class is auto-generated and/or used to serve a specific known purpose.)
.,org.axonframework.extensions.kafka.eventhandling.consumer.streamable,ConsumerPositionsUtil.OffsetSupplier,Unnecessary Abstraction,The tool detected the smell in this class because the class contains only a few data members without any method implementation, that indicates that the abstraction might not be required. Following fields are declared in this class: partitionOffsetMap; endOffsets
.,org.axonframework.extensions.kafka.eventhandling.consumer.streamable,ConsumerPositionsUtil.OffsetSupplier,Unutilized Abstraction,The tool detected the smell in this class because this class is potentially unused. (Please ignore the smell if the reported class is auto-generated and/or used to serve a specific known purpose.)
.,org.axonframework.extensions.kafka.eventhandling.consumer.streamable,StreamableKafkaMessageSource.Builder,Unnecessary Abstraction,The tool detected the smell in this class because the class contains only a few data members without any method implementation, that indicates that the abstraction might not be required. Following fields are declared in this class: consumerFactory; fetcher; messageConverter; bufferFactory; serializer
.,org.axonframework.extensions.kafka.eventhandling.consumer.streamable,StreamableKafkaMessageSource.Builder,Unutilized Abstraction,The tool detected the smell in this class because this class is potentially unused. (Please ignore the smell if the reported class is auto-generated and/or used to serve a specific known purpose.)
.,org.axonframework.extensions.kafka.eventhandling.consumer.streamable,StreamableKafkaMessageSource.Builder,Broken Modularization,The tool detected the smell in this class because it contains only data members without any method implementation. Following fields are declared in this class: consumerFactory; fetcher; messageConverter; bufferFactory; serializer
.,org.axonframework.extensions.kafka.eventhandling.consumer.subscribable,SubscribableKafkaMessageSource.Builder,Unutilized Abstraction,The tool detected the smell in this class because this class is potentially unused. (Please ignore the smell if the reported class is auto-generated and/or used to serve a specific known purpose.)
.,org.axonframework.extensions.kafka.eventhandling.consumer.subscribable,SubscribableKafkaMessageSource.Builder,Broken Modularization,The tool detected the smell in this class because it contains only data members without any method implementation. Following fields are declared in this class: groupId; consumerFactory; fetcher; messageConverter; autoStart; consumerCount; serializer
