Project Name,Package Name,Type Name,NOF,NOPF,NOM,NOPM,LOC,WMC,NC,DIT,LCOM,FANIN,FANOUT,File path,Line no
.,org.axonframework.extensions.kafka.eventhandling.benchmark.jmh_generated,MessageBufferBenchmarks_PutPeekPoll_jmhType_B2,15,15,0,0,17,0,1,1,-1.0,0,0,/Users/aarnavlakhanpal/git/csci3130/assignments/assn_3/extension-kafka/kafka/./target/generated-test-sources/test-annotations/org/axonframework/extensions/kafka/eventhandling/benchmark/jmh_generated/MessageBufferBenchmarks_PutPeekPoll_jmhType_B2.java,3
.,org.axonframework.extensions.kafka.eventhandling.benchmark.jmh_generated,MessageBufferBenchmarks_PutPeekPoll_jmhType_B3,256,0,0,0,18,0,1,2,-1.0,0,0,/Users/aarnavlakhanpal/git/csci3130/assignments/assn_3/extension-kafka/kafka/./target/generated-test-sources/test-annotations/org/axonframework/extensions/kafka/eventhandling/benchmark/jmh_generated/MessageBufferBenchmarks_PutPeekPoll_jmhType_B3.java,2
.,org.axonframework.extensions.kafka.eventhandling.benchmark.jmh_generated,MessageBufferBenchmarks_PutPeekTake_ThreadState_jmhType_B1,256,0,0,0,18,0,1,0,-1.0,0,0,/Users/aarnavlakhanpal/git/csci3130/assignments/assn_3/extension-kafka/kafka/./target/generated-test-sources/test-annotations/org/axonframework/extensions/kafka/eventhandling/benchmark/jmh_generated/MessageBufferBenchmarks_PutPeekTake_ThreadState_jmhType_B1.java,3
.,org.axonframework.extensions.kafka.eventhandling.benchmark.jmh_generated,MessageBufferBenchmarks_PutPeekPoll_ThreadState_jmhType,0,0,0,0,2,0,0,3,-1.0,1,0,/Users/aarnavlakhanpal/git/csci3130/assignments/assn_3/extension-kafka/kafka/./target/generated-test-sources/test-annotations/org/axonframework/extensions/kafka/eventhandling/benchmark/jmh_generated/MessageBufferBenchmarks_PutPeekPoll_ThreadState_jmhType.java,2
.,org.axonframework.extensions.kafka.eventhandling.benchmark.jmh_generated,MessageBufferBenchmarks_PutPeekTake_jmhType_B1,256,0,0,0,18,0,1,0,-1.0,0,0,/Users/aarnavlakhanpal/git/csci3130/assignments/assn_3/extension-kafka/kafka/./target/generated-test-sources/test-annotations/org/axonframework/extensions/kafka/eventhandling/benchmark/jmh_generated/MessageBufferBenchmarks_PutPeekTake_jmhType_B1.java,3
.,org.axonframework.extensions.kafka.eventhandling.benchmark.jmh_generated,MessageBufferBenchmarks_PutPeekPoll_ThreadState_jmhType_B2,12,12,0,0,14,0,1,1,-1.0,0,0,/Users/aarnavlakhanpal/git/csci3130/assignments/assn_3/extension-kafka/kafka/./target/generated-test-sources/test-annotations/org/axonframework/extensions/kafka/eventhandling/benchmark/jmh_generated/MessageBufferBenchmarks_PutPeekPoll_ThreadState_jmhType_B2.java,3
.,org.axonframework.extensions.kafka.eventhandling.benchmark.jmh_generated,MessageBufferBenchmarks_PutPeekTake_jmhType,0,0,0,0,2,0,0,3,-1.0,1,0,/Users/aarnavlakhanpal/git/csci3130/assignments/assn_3/extension-kafka/kafka/./target/generated-test-sources/test-annotations/org/axonframework/extensions/kafka/eventhandling/benchmark/jmh_generated/MessageBufferBenchmarks_PutPeekTake_jmhType.java,2
.,org.axonframework.extensions.kafka.eventhandling.benchmark.jmh_generated,MessageBufferBenchmarks_PutPeekPoll_jmhType,0,0,0,0,2,0,0,3,-1.0,1,0,/Users/aarnavlakhanpal/git/csci3130/assignments/assn_3/extension-kafka/kafka/./target/generated-test-sources/test-annotations/org/axonframework/extensions/kafka/eventhandling/benchmark/jmh_generated/MessageBufferBenchmarks_PutPeekPoll_jmhType.java,2
.,org.axonframework.extensions.kafka.eventhandling.benchmark.jmh_generated,MessageBufferBenchmarks_PutPeekPoll_ThreadState_jmhType_B3,256,0,0,0,18,0,1,2,-1.0,0,0,/Users/aarnavlakhanpal/git/csci3130/assignments/assn_3/extension-kafka/kafka/./target/generated-test-sources/test-annotations/org/axonframework/extensions/kafka/eventhandling/benchmark/jmh_generated/MessageBufferBenchmarks_PutPeekPoll_ThreadState_jmhType_B3.java,2
.,org.axonframework.extensions.kafka.eventhandling.benchmark.jmh_generated,MessageBufferBenchmarks_PutPeekPoll_rw_jmhTest,264,0,18,16,1039,180,0,0,0.0,0,2,/Users/aarnavlakhanpal/git/csci3130/assignments/assn_3/extension-kafka/kafka/./target/generated-test-sources/test-annotations/org/axonframework/extensions/kafka/eventhandling/benchmark/jmh_generated/MessageBufferBenchmarks_PutPeekPoll_rw_jmhTest.java,37
.,org.axonframework.extensions.kafka.eventhandling.benchmark.jmh_generated,MessageBufferBenchmarks_PutPeekTake_jmhType_B3,256,0,0,0,18,0,1,2,-1.0,0,0,/Users/aarnavlakhanpal/git/csci3130/assignments/assn_3/extension-kafka/kafka/./target/generated-test-sources/test-annotations/org/axonframework/extensions/kafka/eventhandling/benchmark/jmh_generated/MessageBufferBenchmarks_PutPeekTake_jmhType_B3.java,2
.,org.axonframework.extensions.kafka.eventhandling.benchmark.jmh_generated,MessageBufferBenchmarks_PutPeekTake_ThreadState_jmhType,0,0,0,0,2,0,0,3,-1.0,1,0,/Users/aarnavlakhanpal/git/csci3130/assignments/assn_3/extension-kafka/kafka/./target/generated-test-sources/test-annotations/org/axonframework/extensions/kafka/eventhandling/benchmark/jmh_generated/MessageBufferBenchmarks_PutPeekTake_ThreadState_jmhType.java,2
.,org.axonframework.extensions.kafka.eventhandling.benchmark.jmh_generated,MessageBufferBenchmarks_PutPeekPoll_ThreadState_jmhType_B1,256,0,0,0,18,0,1,0,-1.0,0,0,/Users/aarnavlakhanpal/git/csci3130/assignments/assn_3/extension-kafka/kafka/./target/generated-test-sources/test-annotations/org/axonframework/extensions/kafka/eventhandling/benchmark/jmh_generated/MessageBufferBenchmarks_PutPeekPoll_ThreadState_jmhType_B1.java,3
.,org.axonframework.extensions.kafka.eventhandling.benchmark.jmh_generated,MessageBufferBenchmarks_PutPeekTake_jmhType_B2,15,15,0,0,17,0,1,1,-1.0,0,0,/Users/aarnavlakhanpal/git/csci3130/assignments/assn_3/extension-kafka/kafka/./target/generated-test-sources/test-annotations/org/axonframework/extensions/kafka/eventhandling/benchmark/jmh_generated/MessageBufferBenchmarks_PutPeekTake_jmhType_B2.java,3
.,org.axonframework.extensions.kafka.eventhandling.benchmark.jmh_generated,MessageBufferBenchmarks_PutPeekTake_rw_jmhTest,264,0,18,16,1039,180,0,0,0.0,0,2,/Users/aarnavlakhanpal/git/csci3130/assignments/assn_3/extension-kafka/kafka/./target/generated-test-sources/test-annotations/org/axonframework/extensions/kafka/eventhandling/benchmark/jmh_generated/MessageBufferBenchmarks_PutPeekTake_rw_jmhTest.java,37
.,org.axonframework.extensions.kafka.eventhandling.benchmark.jmh_generated,MessageBufferBenchmarks_PutPeekTake_ThreadState_jmhType_B2,12,12,0,0,14,0,1,1,-1.0,0,0,/Users/aarnavlakhanpal/git/csci3130/assignments/assn_3/extension-kafka/kafka/./target/generated-test-sources/test-annotations/org/axonframework/extensions/kafka/eventhandling/benchmark/jmh_generated/MessageBufferBenchmarks_PutPeekTake_ThreadState_jmhType_B2.java,3
.,org.axonframework.extensions.kafka.eventhandling.benchmark.jmh_generated,MessageBufferBenchmarks_PutPeekTake_ThreadState_jmhType_B3,256,0,0,0,18,0,1,2,-1.0,0,0,/Users/aarnavlakhanpal/git/csci3130/assignments/assn_3/extension-kafka/kafka/./target/generated-test-sources/test-annotations/org/axonframework/extensions/kafka/eventhandling/benchmark/jmh_generated/MessageBufferBenchmarks_PutPeekTake_ThreadState_jmhType_B3.java,2
.,org.axonframework.extensions.kafka.eventhandling.benchmark.jmh_generated,MessageBufferBenchmarks_PutPeekPoll_jmhType_B1,256,0,0,0,18,0,1,0,-1.0,0,0,/Users/aarnavlakhanpal/git/csci3130/assignments/assn_3/extension-kafka/kafka/./target/generated-test-sources/test-annotations/org/axonframework/extensions/kafka/eventhandling/benchmark/jmh_generated/MessageBufferBenchmarks_PutPeekPoll_jmhType_B1.java,3
.,org.axonframework.extensions.kafka.configuration,KafkaMessageSourceConfigurerTest,2,0,3,0,27,3,0,0,0.0,0,2,/Users/aarnavlakhanpal/git/csci3130/assignments/assn_3/extension-kafka/kafka/./src/test/java/org/axonframework/extensions/kafka/configuration/KafkaMessageSourceConfigurerTest.java,29
.,org.axonframework.extensions.kafka.configuration,KafkaMessageSourceConfigurer,2,0,2,2,23,3,0,0,0.0,1,0,/Users/aarnavlakhanpal/git/csci3130/assignments/assn_3/extension-kafka/kafka/./src/main/java/org/axonframework/extensions/kafka/configuration/KafkaMessageSourceConfigurer.java,29
.,org.axonframework.extensions.kafka.utils,TestSerializer,3,0,0,0,48,0,0,0,-1.0,3,0,/Users/aarnavlakhanpal/git/csci3130/assignments/assn_3/extension-kafka/kafka/./src/test/java/org/axonframework/extensions/kafka/utils/TestSerializer.java,34
.,org.axonframework.extensions.kafka.eventhandling.benchmark,MessageBufferBenchmarks_PutPeekPoll,4,0,7,6,47,8,0,0,0.2857142857142857,0,3,/Users/aarnavlakhanpal/git/csci3130/assignments/assn_3/extension-kafka/kafka/./src/test/java/org/axonframework/extensions/kafka/eventhandling/benchmark/MessageBufferBenchmarks_PutPeekPoll.java,45
.,org.axonframework.extensions.kafka.eventhandling.benchmark,MessageBufferBenchmarks_PutPeekPoll.ThreadState,1,0,0,0,6,0,0,0,-1.0,0,1,/Users/aarnavlakhanpal/git/csci3130/assignments/assn_3/extension-kafka/kafka/./src/test/java/org/axonframework/extensions/kafka/eventhandling/benchmark/MessageBufferBenchmarks_PutPeekPoll.java,111
.,org.axonframework.extensions.kafka.eventhandling.benchmark,MessageBufferBenchmarks_PutPeekTake,4,0,7,6,47,8,0,0,0.2857142857142857,0,3,/Users/aarnavlakhanpal/git/csci3130/assignments/assn_3/extension-kafka/kafka/./src/test/java/org/axonframework/extensions/kafka/eventhandling/benchmark/MessageBufferBenchmarks_PutPeekTake.java,45
.,org.axonframework.extensions.kafka.eventhandling.benchmark,MessageBufferBenchmarks_PutPeekTake.ThreadState,1,0,0,0,6,0,0,0,-1.0,0,1,/Users/aarnavlakhanpal/git/csci3130/assignments/assn_3/extension-kafka/kafka/./src/test/java/org/axonframework/extensions/kafka/eventhandling/benchmark/MessageBufferBenchmarks_PutPeekTake.java,111
.,org.axonframework.extensions.kafka.eventhandling.benchmark,SimpleRandom,5,0,2,1,19,2,0,0,0.0,4,0,/Users/aarnavlakhanpal/git/csci3130/assignments/assn_3/extension-kafka/kafka/./src/test/java/org/axonframework/extensions/kafka/eventhandling/benchmark/SimpleRandom.java,21
.,org.axonframework.extensions.kafka.eventhandling.producer,DefaultProducerFactoryClusteringIntegrationTest,1,0,8,0,65,9,0,0,0.25,0,3,/Users/aarnavlakhanpal/git/csci3130/assignments/assn_3/extension-kafka/kafka/./src/test/java/org/axonframework/extensions/kafka/eventhandling/producer/DefaultProducerFactoryClusteringIntegrationTest.java,37
.,org.axonframework.extensions.kafka.eventhandling.producer,DefaultProducerFactoryIntegrationTest,1,0,20,1,135,21,0,0,0.5,0,3,/Users/aarnavlakhanpal/git/csci3130/assignments/assn_3/extension-kafka/kafka/./src/test/java/org/axonframework/extensions/kafka/eventhandling/producer/DefaultProducerFactoryIntegrationTest.java,45
.,org.axonframework.extensions.kafka.eventhandling.producer,KafkaPublisherIntegrationTest,12,0,27,0,282,29,0,0,0.2962962962962963,0,9,/Users/aarnavlakhanpal/git/csci3130/assignments/assn_3/extension-kafka/kafka/./src/test/java/org/axonframework/extensions/kafka/eventhandling/producer/KafkaPublisherIntegrationTest.java,68
.,org.axonframework.extensions.kafka.eventhandling.producer,KafkaPublisherIntegrationTest.MessageCollector,4,0,0,0,36,0,0,0,-1.0,0,0,/Users/aarnavlakhanpal/git/csci3130/assignments/assn_3/extension-kafka/kafka/./src/test/java/org/axonframework/extensions/kafka/eventhandling/producer/KafkaPublisherIntegrationTest.java,444
.,org.axonframework.extensions.kafka.eventhandling.producer,KafkaPublisherBuilderTest,1,0,1,0,6,1,0,0,0.0,0,2,/Users/aarnavlakhanpal/git/csci3130/assignments/assn_3/extension-kafka/kafka/./src/test/java/org/axonframework/extensions/kafka/eventhandling/producer/KafkaPublisherBuilderTest.java,26
.,org.axonframework.extensions.kafka.eventhandling.producer,ProducerFactory,0,0,3,0,26,3,1,0,-1.0,12,1,/Users/aarnavlakhanpal/git/csci3130/assignments/assn_3/extension-kafka/kafka/./src/main/java/org/axonframework/extensions/kafka/eventhandling/producer/ProducerFactory.java,21
.,org.axonframework.extensions.kafka.eventhandling.producer,ConfirmationMode,0,0,0,0,29,0,0,0,-1.0,5,0,/Users/aarnavlakhanpal/git/csci3130/assignments/assn_3/extension-kafka/kafka/./src/main/java/org/axonframework/extensions/kafka/eventhandling/producer/ConfirmationMode.java,19
.,org.axonframework.extensions.kafka.eventhandling.producer,DefaultProducerFactory,16,0,9,6,279,14,0,1,0.2222222222222222,4,1,/Users/aarnavlakhanpal/git/csci3130/assignments/assn_3/extension-kafka/kafka/./src/main/java/org/axonframework/extensions/kafka/eventhandling/producer/DefaultProducerFactory.java,51
.,org.axonframework.extensions.kafka.eventhandling.producer,DefaultProducerFactory.ProducerDecorator,1,0,0,0,56,0,0,0,-1.0,0,0,/Users/aarnavlakhanpal/git/csci3130/assignments/assn_3/extension-kafka/kafka/./src/main/java/org/axonframework/extensions/kafka/eventhandling/producer/DefaultProducerFactory.java,188
.,org.axonframework.extensions.kafka.eventhandling.producer,DefaultProducerFactory.PoolableProducer,2,0,0,0,23,0,0,0,-1.0,0,0,/Users/aarnavlakhanpal/git/csci3130/assignments/assn_3/extension-kafka/kafka/./src/main/java/org/axonframework/extensions/kafka/eventhandling/producer/DefaultProducerFactory.java,283
.,org.axonframework.extensions.kafka.eventhandling.producer,DefaultProducerFactory.ShareableProducer,0,0,0,0,14,0,0,0,-1.0,0,0,/Users/aarnavlakhanpal/git/csci3130/assignments/assn_3/extension-kafka/kafka/./src/main/java/org/axonframework/extensions/kafka/eventhandling/producer/DefaultProducerFactory.java,318
.,org.axonframework.extensions.kafka.eventhandling.producer,DefaultProducerFactory.Builder,5,0,0,0,87,0,0,0,-1.0,0,1,/Users/aarnavlakhanpal/git/csci3130/assignments/assn_3/extension-kafka/kafka/./src/main/java/org/axonframework/extensions/kafka/eventhandling/producer/DefaultProducerFactory.java,342
.,org.axonframework.extensions.kafka.eventhandling.producer,KafkaPublisher,13,0,10,4,249,15,0,0,0.3,5,4,/Users/aarnavlakhanpal/git/csci3130/assignments/assn_3/extension-kafka/kafka/./src/main/java/org/axonframework/extensions/kafka/eventhandling/producer/KafkaPublisher.java,53
.,org.axonframework.extensions.kafka.eventhandling.producer,KafkaPublisher.Builder,6,0,0,0,107,0,0,0,-1.0,0,3,/Users/aarnavlakhanpal/git/csci3130/assignments/assn_3/extension-kafka/kafka/./src/main/java/org/axonframework/extensions/kafka/eventhandling/producer/KafkaPublisher.java,247
.,org.axonframework.extensions.kafka.eventhandling.producer,TopicResolver,0,0,1,0,15,1,0,0,-1.0,2,0,/Users/aarnavlakhanpal/git/csci3130/assignments/assn_3/extension-kafka/kafka/./src/main/java/org/axonframework/extensions/kafka/eventhandling/producer/TopicResolver.java,24
.,org.axonframework.extensions.kafka.eventhandling.producer,KafkaEventPublisher,4,1,4,3,72,4,0,0,0.75,2,1,/Users/aarnavlakhanpal/git/csci3130/assignments/assn_3/extension-kafka/kafka/./src/main/java/org/axonframework/extensions/kafka/eventhandling/producer/KafkaEventPublisher.java,25
.,org.axonframework.extensions.kafka.eventhandling.producer,KafkaEventPublisher.Builder,1,0,0,0,32,0,0,0,-1.0,0,1,/Users/aarnavlakhanpal/git/csci3130/assignments/assn_3/extension-kafka/kafka/./src/main/java/org/axonframework/extensions/kafka/eventhandling/producer/KafkaEventPublisher.java,86
.,org.axonframework.extensions.kafka.eventhandling.util,ConsumerConfigUtil,1,1,6,5,63,6,0,0,0.3333333333333333,0,1,/Users/aarnavlakhanpal/git/csci3130/assignments/assn_3/extension-kafka/kafka/./src/test/java/org/axonframework/extensions/kafka/eventhandling/util/ConsumerConfigUtil.java,27
.,org.axonframework.extensions.kafka.eventhandling.util,KafkaContainerTest,1,0,1,0,10,1,0,0,0.0,0,0,/Users/aarnavlakhanpal/git/csci3130/assignments/assn_3/extension-kafka/kafka/./src/test/java/org/axonframework/extensions/kafka/eventhandling/util/KafkaContainerTest.java,24
.,org.axonframework.extensions.kafka.eventhandling.util,KafkaTestUtils,1,0,6,4,122,12,0,0,0.8333333333333334,0,0,/Users/aarnavlakhanpal/git/csci3130/assignments/assn_3/extension-kafka/kafka/./src/test/java/org/axonframework/extensions/kafka/eventhandling/util/KafkaTestUtils.java,36
.,org.axonframework.extensions.kafka.eventhandling.util,KafkaAdminUtils,4,0,10,5,120,11,0,0,0.6,10,0,/Users/aarnavlakhanpal/git/csci3130/assignments/assn_3/extension-kafka/kafka/./src/test/java/org/axonframework/extensions/kafka/eventhandling/util/KafkaAdminUtils.java,46
.,org.axonframework.extensions.kafka.eventhandling.util,KafkaAdminUtils.KafkaTopicConfiguration,3,0,0,0,22,0,0,0,-1.0,0,0,/Users/aarnavlakhanpal/git/csci3130/assignments/assn_3/extension-kafka/kafka/./src/test/java/org/axonframework/extensions/kafka/eventhandling/util/KafkaAdminUtils.java,170
.,org.axonframework.extensions.kafka.eventhandling.util,AssertUtils,0,0,2,1,30,4,0,0,-1.0,0,0,/Users/aarnavlakhanpal/git/csci3130/assignments/assn_3/extension-kafka/kafka/./src/test/java/org/axonframework/extensions/kafka/eventhandling/util/AssertUtils.java,21
.,org.axonframework.extensions.kafka.eventhandling.util,KafkaContainerCluster,4,0,5,4,61,7,0,0,0.0,1,0,/Users/aarnavlakhanpal/git/csci3130/assignments/assn_3/extension-kafka/kafka/./src/test/java/org/axonframework/extensions/kafka/eventhandling/util/KafkaContainerCluster.java,38
.,org.axonframework.extensions.kafka.eventhandling.util,ProducerConfigUtil,0,0,10,9,97,10,0,0,-1.0,1,2,/Users/aarnavlakhanpal/git/csci3130/assignments/assn_3/extension-kafka/kafka/./src/test/java/org/axonframework/extensions/kafka/eventhandling/util/ProducerConfigUtil.java,34
.,org.axonframework.extensions.kafka.eventhandling.util,KafkaContainerClusterTest,1,0,1,0,10,1,0,0,0.0,0,1,/Users/aarnavlakhanpal/git/csci3130/assignments/assn_3/extension-kafka/kafka/./src/test/java/org/axonframework/extensions/kafka/eventhandling/util/KafkaContainerClusterTest.java,22
.,org.axonframework.extensions.kafka.eventhandling.util,HeaderAssertUtil,0,0,3,2,23,3,0,0,-1.0,0,1,/Users/aarnavlakhanpal/git/csci3130/assignments/assn_3/extension-kafka/kafka/./src/test/java/org/axonframework/extensions/kafka/eventhandling/util/HeaderAssertUtil.java,28
.,org.axonframework.extensions.kafka.eventhandling.tokenstore,KafkaTokenStoreConcurrentIntegrationTest,7,0,15,1,194,17,0,0,0.0,0,2,/Users/aarnavlakhanpal/git/csci3130/assignments/assn_3/extension-kafka/kafka/./src/test/java/org/axonframework/extensions/kafka/eventhandling/tokenstore/KafkaTokenStoreConcurrentIntegrationTest.java,49
.,org.axonframework.extensions.kafka.eventhandling.tokenstore,TokenUpdateDeserializerTest,0,0,2,0,22,2,0,0,-1.0,0,3,/Users/aarnavlakhanpal/git/csci3130/assignments/assn_3/extension-kafka/kafka/./src/test/java/org/axonframework/extensions/kafka/eventhandling/tokenstore/TokenUpdateDeserializerTest.java,29
.,org.axonframework.extensions.kafka.eventhandling.tokenstore,TokenUpdateSerializerTest,0,0,2,0,21,2,0,0,-1.0,0,3,/Users/aarnavlakhanpal/git/csci3130/assignments/assn_3/extension-kafka/kafka/./src/test/java/org/axonframework/extensions/kafka/eventhandling/tokenstore/TokenUpdateSerializerTest.java,33
.,org.axonframework.extensions.kafka.eventhandling.tokenstore,KafkaTokenStoreIntegrationTest,6,0,19,1,111,21,0,0,0.10526315789473684,0,2,/Users/aarnavlakhanpal/git/csci3130/assignments/assn_3/extension-kafka/kafka/./src/test/java/org/axonframework/extensions/kafka/eventhandling/tokenstore/KafkaTokenStoreIntegrationTest.java,40
.,org.axonframework.extensions.kafka.eventhandling.tokenstore,KafkaTokenStoreBuilderTest,2,0,13,0,61,13,0,0,0.6923076923076923,0,1,/Users/aarnavlakhanpal/git/csci3130/assignments/assn_3/extension-kafka/kafka/./src/test/java/org/axonframework/extensions/kafka/eventhandling/tokenstore/KafkaTokenStoreBuilderTest.java,32
.,org.axonframework.extensions.kafka.eventhandling.tokenstore,TokenUpdateSerializer,0,0,2,2,27,2,0,0,-1.0,1,1,/Users/aarnavlakhanpal/git/csci3130/assignments/assn_3/extension-kafka/kafka/./src/main/java/org/axonframework/extensions/kafka/eventhandling/tokenstore/TokenUpdateSerializer.java,22
.,org.axonframework.extensions.kafka.eventhandling.tokenstore,TokenUpdateDeserializer,0,0,2,2,26,2,0,0,-1.0,1,1,/Users/aarnavlakhanpal/git/csci3130/assignments/assn_3/extension-kafka/kafka/./src/main/java/org/axonframework/extensions/kafka/eventhandling/tokenstore/TokenUpdateDeserializer.java,22
.,org.axonframework.extensions.kafka.eventhandling.tokenstore,TokenStoreState,15,0,16,0,242,29,0,0,0.1875,1,1,/Users/aarnavlakhanpal/git/csci3130/assignments/assn_3/extension-kafka/kafka/./src/main/java/org/axonframework/extensions/kafka/eventhandling/tokenstore/TokenStoreState.java,57
.,org.axonframework.extensions.kafka.eventhandling.tokenstore,TokenStoreState.TokenStoreUpdateException,0,0,0,0,14,0,0,0,-1.0,0,0,/Users/aarnavlakhanpal/git/csci3130/assignments/assn_3/extension-kafka/kafka/./src/main/java/org/axonframework/extensions/kafka/eventhandling/tokenstore/TokenStoreState.java,320
.,org.axonframework.extensions.kafka.eventhandling.tokenstore,KafkaTokenStore,22,0,22,14,393,34,0,0,0.18181818181818182,3,2,/Users/aarnavlakhanpal/git/csci3130/assignments/assn_3/extension-kafka/kafka/./src/main/java/org/axonframework/extensions/kafka/eventhandling/tokenstore/KafkaTokenStore.java,64
.,org.axonframework.extensions.kafka.eventhandling.tokenstore,KafkaTokenStore.FutureWithContext,3,0,0,0,10,0,0,0,-1.0,0,0,/Users/aarnavlakhanpal/git/csci3130/assignments/assn_3/extension-kafka/kafka/./src/main/java/org/axonframework/extensions/kafka/eventhandling/tokenstore/KafkaTokenStore.java,329
.,org.axonframework.extensions.kafka.eventhandling.tokenstore,KafkaTokenStore.Builder,10,0,0,0,165,0,0,0,-1.0,0,0,/Users/aarnavlakhanpal/git/csci3130/assignments/assn_3/extension-kafka/kafka/./src/main/java/org/axonframework/extensions/kafka/eventhandling/tokenstore/KafkaTokenStore.java,423
.,org.axonframework.extensions.kafka.eventhandling.tokenstore,TokenStoreInitializationException,0,0,1,1,14,1,0,0,-1.0,0,0,/Users/aarnavlakhanpal/git/csci3130/assignments/assn_3/extension-kafka/kafka/./src/main/java/org/axonframework/extensions/kafka/eventhandling/tokenstore/TokenStoreInitializationException.java,21
.,org.axonframework.extensions.kafka.eventhandling.tokenstore,TokenUpdate,15,0,12,0,100,12,0,0,0.0,6,1,/Users/aarnavlakhanpal/git/csci3130/assignments/assn_3/extension-kafka/kafka/./src/main/java/org/axonframework/extensions/kafka/eventhandling/tokenstore/TokenUpdate.java,28
.,org.axonframework.extensions.kafka.eventhandling.cloudevent,CloudEventKafkaMessageConverterTest,6,0,43,0,265,44,0,0,0.11627906976744186,0,4,/Users/aarnavlakhanpal/git/csci3130/assignments/assn_3/extension-kafka/kafka/./src/test/java/org/axonframework/extensions/kafka/eventhandling/cloudevent/CloudEventKafkaMessageConverterTest.java,54
.,org.axonframework.extensions.kafka.eventhandling.cloudevent,InvalidMetaDataException,0,0,1,1,14,1,0,0,-1.0,1,0,/Users/aarnavlakhanpal/git/csci3130/assignments/assn_3/extension-kafka/kafka/./src/main/java/org/axonframework/extensions/kafka/eventhandling/cloudevent/InvalidMetaDataException.java,21
.,org.axonframework.extensions.kafka.eventhandling.cloudevent,CloudEventKafkaMessageConverter,18,0,12,3,234,12,0,1,0.25,1,2,/Users/aarnavlakhanpal/git/csci3130/assignments/assn_3/extension-kafka/kafka/./src/main/java/org/axonframework/extensions/kafka/eventhandling/cloudevent/CloudEventKafkaMessageConverter.java,57
.,org.axonframework.extensions.kafka.eventhandling.cloudevent,CloudEventKafkaMessageConverter.Builder,8,0,0,0,128,0,0,0,-1.0,0,0,/Users/aarnavlakhanpal/git/csci3130/assignments/assn_3/extension-kafka/kafka/./src/main/java/org/axonframework/extensions/kafka/eventhandling/cloudevent/CloudEventKafkaMessageConverter.java,295
.,org.axonframework.extensions.kafka.eventhandling.cloudevent,MetadataUtils,4,3,6,5,95,12,0,0,0.5,2,0,/Users/aarnavlakhanpal/git/csci3130/assignments/assn_3/extension-kafka/kafka/./src/main/java/org/axonframework/extensions/kafka/eventhandling/cloudevent/MetadataUtils.java,35
.,org.axonframework.extensions.kafka.eventhandling.cloudevent,ExtensionUtils,6,4,14,8,190,35,0,0,0.6428571428571429,1,1,/Users/aarnavlakhanpal/git/csci3130/assignments/assn_3/extension-kafka/kafka/./src/main/java/org/axonframework/extensions/kafka/eventhandling/cloudevent/ExtensionUtils.java,43
.,org.axonframework.extensions.kafka.eventhandling,KafkaIntegrationTest,8,0,6,1,71,7,0,0,0.0,0,10,/Users/aarnavlakhanpal/git/csci3130/assignments/assn_3/extension-kafka/kafka/./src/test/java/org/axonframework/extensions/kafka/eventhandling/KafkaIntegrationTest.java,48
.,org.axonframework.extensions.kafka.eventhandling,DefaultKafkaMessageConverterTest,6,0,26,0,162,26,0,0,0.19230769230769232,0,3,/Users/aarnavlakhanpal/git/csci3130/assignments/assn_3/extension-kafka/kafka/./src/test/java/org/axonframework/extensions/kafka/eventhandling/DefaultKafkaMessageConverterTest.java,51
.,org.axonframework.extensions.kafka.eventhandling,HeaderUtilsTest,3,0,35,0,226,35,0,0,0.7428571428571429,0,1,/Users/aarnavlakhanpal/git/csci3130/assignments/assn_3/extension-kafka/kafka/./src/test/java/org/axonframework/extensions/kafka/eventhandling/HeaderUtilsTest.java,48
.,org.axonframework.extensions.kafka.eventhandling,HeaderUtilsTest.Foo,2,0,0,0,11,0,0,0,-1.0,0,0,/Users/aarnavlakhanpal/git/csci3130/assignments/assn_3/extension-kafka/kafka/./src/test/java/org/axonframework/extensions/kafka/eventhandling/HeaderUtilsTest.java,355
.,org.axonframework.extensions.kafka.eventhandling,HeaderUtilsTest.Bar,1,0,0,0,9,0,0,0,-1.0,0,0,/Users/aarnavlakhanpal/git/csci3130/assignments/assn_3/extension-kafka/kafka/./src/test/java/org/axonframework/extensions/kafka/eventhandling/HeaderUtilsTest.java,374
.,org.axonframework.extensions.kafka.eventhandling,DefaultKafkaMessageConverter,9,0,12,3,153,13,0,1,0.25,3,1,/Users/aarnavlakhanpal/git/csci3130/assignments/assn_3/extension-kafka/kafka/./src/main/java/org/axonframework/extensions/kafka/eventhandling/DefaultKafkaMessageConverter.java,51
.,org.axonframework.extensions.kafka.eventhandling,DefaultKafkaMessageConverter.Builder,4,0,0,0,63,0,0,0,-1.0,0,0,/Users/aarnavlakhanpal/git/csci3130/assignments/assn_3/extension-kafka/kafka/./src/main/java/org/axonframework/extensions/kafka/eventhandling/DefaultKafkaMessageConverter.java,245
.,org.axonframework.extensions.kafka.eventhandling,HeaderUtils,3,0,26,18,246,36,0,0,0.34615384615384615,8,0,/Users/aarnavlakhanpal/git/csci3130/assignments/assn_3/extension-kafka/kafka/./src/main/java/org/axonframework/extensions/kafka/eventhandling/HeaderUtils.java,42
.,org.axonframework.extensions.kafka.eventhandling,KafkaMessageConverter,0,0,2,0,23,2,3,0,-1.0,8,0,/Users/aarnavlakhanpal/git/csci3130/assignments/assn_3/extension-kafka/kafka/./src/main/java/org/axonframework/extensions/kafka/eventhandling/KafkaMessageConverter.java,25
.,org.axonframework.extensions.kafka.eventhandling.consumer,ConsumerRecordConverter,0,0,2,2,12,2,0,1,-1.0,0,0,/Users/aarnavlakhanpal/git/csci3130/assignments/assn_3/extension-kafka/kafka/./src/test/java/org/axonframework/extensions/kafka/eventhandling/consumer/ConsumerRecordConverter.java,28
.,org.axonframework.extensions.kafka.eventhandling.consumer,AsyncFetcherIntegrationTest,4,0,11,2,133,14,0,0,0.2727272727272727,0,6,/Users/aarnavlakhanpal/git/csci3130/assignments/assn_3/extension-kafka/kafka/./src/test/java/org/axonframework/extensions/kafka/eventhandling/consumer/AsyncFetcherIntegrationTest.java,54
.,org.axonframework.extensions.kafka.eventhandling.consumer,AsyncFetcherIntegrationTest.LatchedSortedKafkaMessageBuffer,1,0,0,0,19,0,0,2,-1.0,0,0,/Users/aarnavlakhanpal/git/csci3130/assignments/assn_3/extension-kafka/kafka/./src/test/java/org/axonframework/extensions/kafka/eventhandling/consumer/AsyncFetcherIntegrationTest.java,240
.,org.axonframework.extensions.kafka.eventhandling.consumer,FetchEventsTaskTest,12,0,7,0,77,7,0,0,0.0,0,5,/Users/aarnavlakhanpal/git/csci3130/assignments/assn_3/extension-kafka/kafka/./src/test/java/org/axonframework/extensions/kafka/eventhandling/consumer/FetchEventsTaskTest.java,37
.,org.axonframework.extensions.kafka.eventhandling.consumer,ConsumerSeekUtilTest,2,1,5,0,70,7,0,0,0.4,0,2,/Users/aarnavlakhanpal/git/csci3130/assignments/assn_3/extension-kafka/kafka/./src/test/java/org/axonframework/extensions/kafka/eventhandling/consumer/ConsumerSeekUtilTest.java,39
.,org.axonframework.extensions.kafka.eventhandling.consumer,DefaultConsumerFactoryIntegrationTest,3,0,6,1,37,6,0,0,0.5,0,4,/Users/aarnavlakhanpal/git/csci3130/assignments/assn_3/extension-kafka/kafka/./src/test/java/org/axonframework/extensions/kafka/eventhandling/consumer/DefaultConsumerFactoryIntegrationTest.java,37
.,org.axonframework.extensions.kafka.eventhandling.consumer,ConsumerSeekUtilIntegrationTest,5,0,10,1,119,12,0,0,0.2,0,4,/Users/aarnavlakhanpal/git/csci3130/assignments/assn_3/extension-kafka/kafka/./src/test/java/org/axonframework/extensions/kafka/eventhandling/consumer/ConsumerSeekUtilIntegrationTest.java,45
.,org.axonframework.extensions.kafka.eventhandling.consumer,FetchEventException,0,0,2,2,22,2,0,0,-1.0,2,0,/Users/aarnavlakhanpal/git/csci3130/assignments/assn_3/extension-kafka/kafka/./src/main/java/org/axonframework/extensions/kafka/eventhandling/consumer/FetchEventException.java,21
.,org.axonframework.extensions.kafka.eventhandling.consumer,AsyncFetcher,9,0,5,4,101,6,0,1,0.4,4,4,/Users/aarnavlakhanpal/git/csci3130/assignments/assn_3/extension-kafka/kafka/./src/main/java/org/axonframework/extensions/kafka/eventhandling/consumer/AsyncFetcher.java,35
.,org.axonframework.extensions.kafka.eventhandling.consumer,AsyncFetcher.Builder,3,0,0,0,39,0,0,0,-1.0,0,0,/Users/aarnavlakhanpal/git/csci3130/assignments/assn_3/extension-kafka/kafka/./src/main/java/org/axonframework/extensions/kafka/eventhandling/consumer/AsyncFetcher.java,133
.,org.axonframework.extensions.kafka.eventhandling.consumer,TopicPatternSubscriber,1,0,4,4,24,4,0,1,0.0,1,0,/Users/aarnavlakhanpal/git/csci3130/assignments/assn_3/extension-kafka/kafka/./src/main/java/org/axonframework/extensions/kafka/eventhandling/consumer/TopicPatternSubscriber.java,22
.,org.axonframework.extensions.kafka.eventhandling.consumer,ConsumerFactory,0,0,1,0,17,1,2,0,-1.0,13,0,/Users/aarnavlakhanpal/git/csci3130/assignments/assn_3/extension-kafka/kafka/./src/main/java/org/axonframework/extensions/kafka/eventhandling/consumer/ConsumerFactory.java,21
.,org.axonframework.extensions.kafka.eventhandling.consumer,FetchEventsTask,8,0,4,2,78,6,0,0,0.0,2,3,/Users/aarnavlakhanpal/git/csci3130/assignments/assn_3/extension-kafka/kafka/./src/main/java/org/axonframework/extensions/kafka/eventhandling/consumer/FetchEventsTask.java,33
.,org.axonframework.extensions.kafka.eventhandling.consumer,TopicSubscriber,0,0,3,0,23,3,2,0,-1.0,7,0,/Users/aarnavlakhanpal/git/csci3130/assignments/assn_3/extension-kafka/kafka/./src/main/java/org/axonframework/extensions/kafka/eventhandling/consumer/TopicSubscriber.java,21
.,org.axonframework.extensions.kafka.eventhandling.consumer,Fetcher,0,0,3,0,33,3,1,0,-1.0,8,3,/Users/aarnavlakhanpal/git/csci3130/assignments/assn_3/extension-kafka/kafka/./src/main/java/org/axonframework/extensions/kafka/eventhandling/consumer/Fetcher.java,22
.,org.axonframework.extensions.kafka.eventhandling.consumer,DefaultConsumerFactory,2,0,3,3,38,5,0,1,0.0,2,0,/Users/aarnavlakhanpal/git/csci3130/assignments/assn_3/extension-kafka/kafka/./src/main/java/org/axonframework/extensions/kafka/eventhandling/consumer/DefaultConsumerFactory.java,31
.,org.axonframework.extensions.kafka.eventhandling.consumer,TopicListSubscriber,1,0,5,5,31,6,0,1,0.0,1,0,/Users/aarnavlakhanpal/git/csci3130/assignments/assn_3/extension-kafka/kafka/./src/main/java/org/axonframework/extensions/kafka/eventhandling/consumer/TopicListSubscriber.java,23
.,org.axonframework.extensions.kafka.eventhandling.consumer,EventConsumer,0,0,1,0,14,1,0,0,-1.0,4,0,/Users/aarnavlakhanpal/git/csci3130/assignments/assn_3/extension-kafka/kafka/./src/main/java/org/axonframework/extensions/kafka/eventhandling/consumer/EventConsumer.java,21
.,org.axonframework.extensions.kafka.eventhandling.consumer,ConsumerSeekUtil,1,0,5,4,58,6,0,0,1.0,0,2,/Users/aarnavlakhanpal/git/csci3130/assignments/assn_3/extension-kafka/kafka/./src/main/java/org/axonframework/extensions/kafka/eventhandling/consumer/ConsumerSeekUtil.java,31
.,org.axonframework.extensions.kafka.eventhandling.consumer,RuntimeErrorHandler,0,0,1,0,12,1,0,0,-1.0,5,0,/Users/aarnavlakhanpal/git/csci3130/assignments/assn_3/extension-kafka/kafka/./src/main/java/org/axonframework/extensions/kafka/eventhandling/consumer/RuntimeErrorHandler.java,19
.,org.axonframework.extensions.kafka.eventhandling.consumer,RecordConverter,0,0,1,0,16,1,1,0,-1.0,4,0,/Users/aarnavlakhanpal/git/csci3130/assignments/assn_3/extension-kafka/kafka/./src/main/java/org/axonframework/extensions/kafka/eventhandling/consumer/RecordConverter.java,23
.,org.axonframework.extensions.kafka.eventhandling.consumer,TopicSubscriberBuilder,1,0,6,4,59,7,2,0,0.0,0,3,/Users/aarnavlakhanpal/git/csci3130/assignments/assn_3/extension-kafka/kafka/./src/main/java/org/axonframework/extensions/kafka/eventhandling/consumer/TopicSubscriberBuilder.java,29
.,org.axonframework.extensions.kafka.eventhandling.consumer.streamable,TopicPartitionDeserializerTest,2,0,1,1,11,1,0,0,0.0,0,1,/Users/aarnavlakhanpal/git/csci3130/assignments/assn_3/extension-kafka/kafka/./src/test/java/org/axonframework/extensions/kafka/eventhandling/consumer/streamable/TopicPartitionDeserializerTest.java,27
.,org.axonframework.extensions.kafka.eventhandling.consumer.streamable,StreamableKafkaMessageSourceTest,6,0,17,3,101,17,0,0,0.6470588235294118,0,4,/Users/aarnavlakhanpal/git/csci3130/assignments/assn_3/extension-kafka/kafka/./src/test/java/org/axonframework/extensions/kafka/eventhandling/consumer/streamable/StreamableKafkaMessageSourceTest.java,35
.,org.axonframework.extensions.kafka.eventhandling.consumer.streamable,FailingConsumerErrorThroughBufferTest,4,0,5,0,66,5,0,0,0.0,0,5,/Users/aarnavlakhanpal/git/csci3130/assignments/assn_3/extension-kafka/kafka/./src/test/java/org/axonframework/extensions/kafka/eventhandling/consumer/streamable/FailingConsumerErrorThroughBufferTest.java,36
.,org.axonframework.extensions.kafka.eventhandling.consumer.streamable,FailingConsumerErrorThroughBufferTest.MockFactory,0,0,0,0,5,0,0,1,-1.0,0,0,/Users/aarnavlakhanpal/git/csci3130/assignments/assn_3/extension-kafka/kafka/./src/test/java/org/axonframework/extensions/kafka/eventhandling/consumer/streamable/FailingConsumerErrorThroughBufferTest.java,126
.,org.axonframework.extensions.kafka.eventhandling.consumer.streamable,KafkaTrackingTokenTest,3,0,17,0,144,19,0,0,0.29411764705882354,0,1,/Users/aarnavlakhanpal/git/csci3130/assignments/assn_3/extension-kafka/kafka/./src/test/java/org/axonframework/extensions/kafka/eventhandling/consumer/streamable/KafkaTrackingTokenTest.java,33
.,org.axonframework.extensions.kafka.eventhandling.consumer.streamable,JSR166TestCase,10,7,13,5,187,26,1,0,0.3076923076923077,0,0,/Users/aarnavlakhanpal/git/csci3130/assignments/assn_3/extension-kafka/kafka/./src/test/java/org/axonframework/extensions/kafka/eventhandling/consumer/streamable/JSR166TestCase.java,43
.,org.axonframework.extensions.kafka.eventhandling.consumer.streamable,JSR166TestCase.CheckedRunnable,0,0,0,0,11,0,0,0,-1.0,0,0,/Users/aarnavlakhanpal/git/csci3130/assignments/assn_3/extension-kafka/kafka/./src/test/java/org/axonframework/extensions/kafka/eventhandling/consumer/streamable/JSR166TestCase.java,284
.,org.axonframework.extensions.kafka.eventhandling.consumer.streamable,TrackingRecordConverterTest,5,0,6,0,49,7,0,0,0.3333333333333333,0,4,/Users/aarnavlakhanpal/git/csci3130/assignments/assn_3/extension-kafka/kafka/./src/test/java/org/axonframework/extensions/kafka/eventhandling/consumer/streamable/TrackingRecordConverterTest.java,35
.,org.axonframework.extensions.kafka.eventhandling.consumer.streamable,ConsumerPositionsUtilIntegrationTest,4,0,6,0,54,8,0,0,0.3333333333333333,0,5,/Users/aarnavlakhanpal/git/csci3130/assignments/assn_3/extension-kafka/kafka/./src/test/java/org/axonframework/extensions/kafka/eventhandling/consumer/streamable/ConsumerPositionsUtilIntegrationTest.java,53
.,org.axonframework.extensions.kafka.eventhandling.consumer.streamable,SortedKafkaMessageBufferTest,0,0,35,30,469,68,0,1,-1.0,0,3,/Users/aarnavlakhanpal/git/csci3130/assignments/assn_3/extension-kafka/kafka/./src/test/java/org/axonframework/extensions/kafka/eventhandling/consumer/streamable/SortedKafkaMessageBufferTest.java,43
.,org.axonframework.extensions.kafka.eventhandling.consumer.streamable,KafkaMessageStreamTest,1,0,15,0,106,16,0,0,0.13333333333333333,0,2,/Users/aarnavlakhanpal/git/csci3130/assignments/assn_3/extension-kafka/kafka/./src/test/java/org/axonframework/extensions/kafka/eventhandling/consumer/streamable/KafkaMessageStreamTest.java,34
.,org.axonframework.extensions.kafka.eventhandling.consumer.streamable,KafkaTrackingTokenSerializationTest,4,0,5,4,33,5,0,0,0.4,0,2,/Users/aarnavlakhanpal/git/csci3130/assignments/assn_3/extension-kafka/kafka/./src/test/java/org/axonframework/extensions/kafka/eventhandling/consumer/streamable/KafkaTrackingTokenSerializationTest.java,33
.,org.axonframework.extensions.kafka.eventhandling.consumer.streamable,KafkaTrackingToken,2,0,17,13,117,19,0,0,0.0,12,0,/Users/aarnavlakhanpal/git/csci3130/assignments/assn_3/extension-kafka/kafka/./src/main/java/org/axonframework/extensions/kafka/eventhandling/consumer/streamable/KafkaTrackingToken.java,34
.,org.axonframework.extensions.kafka.eventhandling.consumer.streamable,SortedKafkaMessageBuffer,9,0,17,13,263,30,1,1,0.11764705882352941,5,0,/Users/aarnavlakhanpal/git/csci3130/assignments/assn_3/extension-kafka/kafka/./src/main/java/org/axonframework/extensions/kafka/eventhandling/consumer/streamable/SortedKafkaMessageBuffer.java,32
.,org.axonframework.extensions.kafka.eventhandling.consumer.streamable,TrackingRecordConverter,3,0,3,3,44,4,0,1,0.0,2,3,/Users/aarnavlakhanpal/git/csci3130/assignments/assn_3/extension-kafka/kafka/./src/main/java/org/axonframework/extensions/kafka/eventhandling/consumer/streamable/TrackingRecordConverter.java,31
.,org.axonframework.extensions.kafka.eventhandling.consumer.streamable,TrackingTokenConsumerRebalanceListener,3,0,3,3,40,4,0,0,0.6666666666666666,0,1,/Users/aarnavlakhanpal/git/csci3130/assignments/assn_3/extension-kafka/kafka/./src/main/java/org/axonframework/extensions/kafka/eventhandling/consumer/streamable/TrackingTokenConsumerRebalanceListener.java,32
.,org.axonframework.extensions.kafka.eventhandling.consumer.streamable,KafkaRecordMetaData,0,0,4,0,29,4,1,0,-1.0,0,0,/Users/aarnavlakhanpal/git/csci3130/assignments/assn_3/extension-kafka/kafka/./src/main/java/org/axonframework/extensions/kafka/eventhandling/consumer/streamable/KafkaRecordMetaData.java,19
.,org.axonframework.extensions.kafka.eventhandling.consumer.streamable,ConsumerPositionsUtil,2,0,3,0,54,5,0,0,1.0,2,1,/Users/aarnavlakhanpal/git/csci3130/assignments/assn_3/extension-kafka/kafka/./src/main/java/org/axonframework/extensions/kafka/eventhandling/consumer/streamable/ConsumerPositionsUtil.java,33
.,org.axonframework.extensions.kafka.eventhandling.consumer.streamable,ConsumerPositionsUtil.OffsetSupplier,2,0,0,0,20,0,0,0,-1.0,0,0,/Users/aarnavlakhanpal/git/csci3130/assignments/assn_3/extension-kafka/kafka/./src/main/java/org/axonframework/extensions/kafka/eventhandling/consumer/streamable/ConsumerPositionsUtil.java,79
.,org.axonframework.extensions.kafka.eventhandling.consumer.streamable,KafkaEventMessage,5,0,10,10,77,12,0,1,0.2,8,1,/Users/aarnavlakhanpal/git/csci3130/assignments/assn_3/extension-kafka/kafka/./src/main/java/org/axonframework/extensions/kafka/eventhandling/consumer/streamable/KafkaEventMessage.java,28
.,org.axonframework.extensions.kafka.eventhandling.consumer.streamable,KafkaMessageStream,4,0,5,5,53,6,0,0,0.0,1,2,/Users/aarnavlakhanpal/git/csci3130/assignments/assn_3/extension-kafka/kafka/./src/main/java/org/axonframework/extensions/kafka/eventhandling/consumer/streamable/KafkaMessageStream.java,30
.,org.axonframework.extensions.kafka.eventhandling.consumer.streamable,StreamableKafkaMessageSource,11,0,5,4,175,5,0,0,0.4,3,8,/Users/aarnavlakhanpal/git/csci3130/assignments/assn_3/extension-kafka/kafka/./src/main/java/org/axonframework/extensions/kafka/eventhandling/consumer/streamable/StreamableKafkaMessageSource.java,52
.,org.axonframework.extensions.kafka.eventhandling.consumer.streamable,StreamableKafkaMessageSource.Builder,5,0,0,0,118,0,0,1,-1.0,0,3,/Users/aarnavlakhanpal/git/csci3130/assignments/assn_3/extension-kafka/kafka/./src/main/java/org/axonframework/extensions/kafka/eventhandling/consumer/streamable/StreamableKafkaMessageSource.java,146
.,org.axonframework.extensions.kafka.eventhandling.consumer.streamable,Buffer,1,0,10,0,68,10,1,0,-1.0,2,0,/Users/aarnavlakhanpal/git/csci3130/assignments/assn_3/extension-kafka/kafka/./src/main/java/org/axonframework/extensions/kafka/eventhandling/consumer/streamable/Buffer.java,25
.,org.axonframework.extensions.kafka.eventhandling.consumer.streamable,TopicPartitionDeserializer,1,0,1,1,26,3,0,0,0.0,1,0,/Users/aarnavlakhanpal/git/csci3130/assignments/assn_3/extension-kafka/kafka/./src/main/java/org/axonframework/extensions/kafka/eventhandling/consumer/streamable/TopicPartitionDeserializer.java,24
.,org.axonframework.extensions.kafka.eventhandling.consumer.subscribable,SubscribableKafkaMessageSourceTest,8,0,18,0,162,18,0,0,0.3888888888888889,0,4,/Users/aarnavlakhanpal/git/csci3130/assignments/assn_3/extension-kafka/kafka/./src/test/java/org/axonframework/extensions/kafka/eventhandling/consumer/subscribable/SubscribableKafkaMessageSourceTest.java,60
.,org.axonframework.extensions.kafka.eventhandling.consumer.subscribable,SubscribableKafkaMessageSource,18,0,7,4,226,14,0,0,0.2857142857142857,2,5,/Users/aarnavlakhanpal/git/csci3130/assignments/assn_3/extension-kafka/kafka/./src/main/java/org/axonframework/extensions/kafka/eventhandling/consumer/subscribable/SubscribableKafkaMessageSource.java,55
.,org.axonframework.extensions.kafka.eventhandling.consumer.subscribable,SubscribableKafkaMessageSource.Builder,7,0,0,0,117,0,0,1,-1.0,0,3,/Users/aarnavlakhanpal/git/csci3130/assignments/assn_3/extension-kafka/kafka/./src/main/java/org/axonframework/extensions/kafka/eventhandling/consumer/subscribable/SubscribableKafkaMessageSource.java,212
